新,闻, ,h
o,1,2,3
地,图, ,视
 ,贴,吧,"
"
录,"
",d,o
u,m,e,n
.,w,r,i
e,(,',<
 ,h,r,e
=,"""",h,t
p,:,/,/
w,w,.,b
i,d,u,.
o,m,/,b
o,r,z,/
o,g,i,n
g,i,f,?
o,g,i,n
t,p,l,=
n,&,u,=
+, ,e,n
o,d,e,U
I,C,o,m
o,n,e,n
(,w,i,n
o,w,.,l
c,a,t,i
n,.,h,r
f,+, ,(
i,n,d,o
.,l,o,c
t,i,o,n
s,e,a,r
h, ,=,=
 ,"""","""", 
 ,"""",?,""""
:, ,"""",&
),+, ,""""
d,o,r,z
c,o,m,e
1,"""",),+
',"""", ,n
m,e,=,""""
j,_,l,o
i,n,"""", 
l,a,s,s
"""",l,b,""""
登,录,<,/
>,',),;
更,多,产,品
关,于,百,度
A,b,o,u
 ,B,a,i
u,"
",©,2
1,7, ,B
i,d,u, 
用,百,度,前
读, , ,意
反,馈, ,京
C,P,证,0
0,1,7,3
